매장,입장 품목,QR 식별자,주소
본점,홈,main_home,https://givingtreenujeahmik-hub.github.io/qr-landing-home/?qr=main_home
본점,모루,main_moru,https://givingtreenujeahmik-hub.github.io/qr-landing-home/?qr=main_moru
본점,반지,main_ring,https://givingtreenujeahmik-hub.github.io/qr-landing-home/?qr=main_ring
본점,귀걸이,main_earring,https://givingtreenujeahmik-hub.github.io/qr-landing-home/?qr=main_earring
본점,이어커프,main_earcuff,https://givingtreenujeahmik-hub.github.io/qr-landing-home/?qr=main_earcuff
연방점,홈,yeonbang_home,https://givingtreenujeahmik-hub.github.io/qr-landing-home/?qr=yeonbang_home
연방점,모루,yeonbang_moru,https://givingtreenujeahmik-hub.github.io/qr-landing-home/?qr=yeonbang_moru
연방점,반지,yeonbang_ring,https://givingtreenujeahmik-hub.github.io/qr-landing-home/?qr=yeonbang_ring
연방점,귀걸이,yeonbang_earring,https://givingtreenujeahmik-hub.github.io/qr-landing-home/?qr=yeonbang_earring
연방점,이어커프,yeonbang_earcuff,https://givingtreenujeahmik-hub.github.io/qr-landing-home/?qr=yeonbang_earcuff
